rt @ilmvfx: sad news: jim nelson  who helped build ilm dies at 81 http://t.co/yzil9xbxva #rip,0
"@5secondsofcindy ""but guys!!111!1 he's not a homophobe look he posed next to a guy!!1!!!"" ",0
"@dannniiibby"" i only stole one picture.... that you took of me?"" someones digging themselves into a hole",0
mon jun 23 08:21:59 +0000 2014,0
@versacesux you really think my tweets be funny üòçüòç,0
@betty_crocker93 lmao that was probably one of my most serious tweets and you called me silly haha üòç,0
contributed tweets for @localireland are delivered by @roundteam https://t.co/7ieene3h7n,0
7- you seem like the nicest person. we talked for a little while and then stopped. message me whenever. you're really cool to talk to. üòä,0
i hate it when you are super excited for something and everything goes wrong.,0
lol at first i was pissed at #uberblinditems tweets..nw im laughing cz tagal na ng issue!l8 na!move on na mga hms pinpalaki pa ung issue lol,0
@unfuckabie these tweets give me hope,0
happy.,0
rt @nadyaashraf: phone calls are replaced by whatsapp. feelings are now tweets. and memories are some pictures we post on instagram. i hate‚ä¶,0
3 tweets retwitteados y un total de 4 rts [√∫ltimas 24h] #tuitutil http://t.co/dry3o0b6a1,0
arbejder lidt med wimbledon i dag  hvor vi skal pr√∏ve at f√• tweets og fb-kommentarer p√• sk√¶rmen. #wimdk,0
a knowledge mix-up for monday!!! choose what you like and try to remember at least 10 words you didn't know before :) http://t.co/0ttvkv82pk,0
rt @hiswittlehands: best tweets of the day go to katlyn http://t.co/uniex2txvz,0
rt @t_l_cruse: ‚äú@thaooobaby: in all honesty  it really scares me how much i would go through just to make someone happy.‚äùrft,0
@basedmarfam steal my tweets idc fam wtf ever,0
just ordered myself the fake bake 60 minutes and st moriz dark mousse self tanners. excited!!,0
@fathyalyan siapa yg nge delete tweets? aku gk nge delete tuh...,0
rt @danheimiller: i'm giving away 2% of my wsop main to 1 random twitter follower! with 1 personal acct. &amp; who retweets 5 1/2 of my tweets ‚ä¶,0
rt @lilmeeek_: @celita_colon you still wanna play‚úåô∏èüò©. i'm tired of y'all changing my tweetsüòëüëã,0
contributed tweets for @notebkblogairy are delivered by @roundteam https://t.co/t5enogxipd,0
9 tweets publicados (5 menciones) [√∫ltimas 24h] #tuitutil http://t.co/t0kqmbrzcq,0
@ksorbs funny but i liked the sexy men in the 70's &amp; 80's better! they should have included this really hot guy with a ladder...,0
rt @danlevythfc: this is how football should be played. 22 on the pitch who wouldn't cost a dime between them. except for the 45m pound ben‚ä¶,0
feels so good to sleep in my own bed for the first time all weekend üòä,0
zamie≈õci≈çem(am) nowe zdjƒôcie na facebooku http://t.co/rrwo8aobq8,0
rt @gropercleveland: my tweets: shit i think is funny.,0
@sr_takweny,0
um ol√° do cota que est√° a cuscar os meus tweets :)),0
i laugh way too hard at my tweets omg,0
new day  new tweets  new stats. 155 followers  86 unfollowers. via good old http://t.co/c58hopdezs,0
rt @vinit_mittal: trust no one...lmao https://t.co/fi8cjxca2p,0
rt @angiladasauce: ‚äú@jellayjay: anxhela's tweets are about me  surprise bitches. üéâ‚äù true! the beans have been spilled,0
3 tweets retwitteados y un total de 3 rts [√∫ltimas 24h] #tuitutil http://t.co/x4tj1nndby,0
first game only in this year world cup crossed the tweets about all world cup tweets in 2010 @skalifowitz #smsummit2014,0
how gay are my old tweets jesus,0
this fuck got tooo excited .... http://t.co/1gird4zera,0
borrando tweets.,0
"another angle. ""@argent__: haa ""@hoodedhermes: btw.. the real question is.. how hot is the girl that made you mcm?""""",0
@coldsnow1318 got a lot meh? mostly my tweets in english leh. want stalk me just ask me directly lah. lol,0
people be tryna correct ppl tweets but got fs in english lol sumden aint right....,0
rt @katyperry: i'm so excited to play üá∫üá∏ i might pass out üò≥ #theprismaticworldtour,0
i see tweets of people ima be in school with next year &amp; it just fucks my mood up.,0
rt @kh_themehacks: auto twitter f√ºr wordpress  http://t.co/50rimovbpv  #tweets #twitter via @pluginsarchive,0
me gustan los tweets de @fandeandyroy  en el √∫ltimo d√≠a le he retwitteado 10 veces #tuitutil http://t.co/hmftfzt8a0,0
are your #tweets in plain english?,0
rt @dumadishes: @lilniggajustice said this was his track list i'm kinda excited this better be real http://t.co/op9bwnzsij,0
when it's 4:23 am and there aren't anymore tweets left to read üòí,0
@dilladev 1 tweet out of every single one of your tweets,0
so happy my mums back  love what she got meüòçüòä,0
chao vale  hasta mas tardesita  dejenme so√±ar tweets.,0
happy birthday! :d @rohiittttt,0
8 tweets retwitteados y un total de 13 rts [√∫ltimas 24h] #tuitutil http://t.co/l5mvwhbutz,0
*girl tweets*,0
thank you bing for attempting to translate english tweets into english,0
i like @triplettmusic's tweets because they're all pretty much my thoughts but someone not afraid to say them,0
i hate seeing people with their whole life ahead of them and they don't realize it.,0
i hate filters they make people look ugly and childish now,0
new day  new tweets  new stats. 1 follower  0 unfollowers. via good old http://t.co/ywgtff4emk,0
rt @adoremelanyiee: i'm cool on you üôö,0
new day  new tweets  new stats. 1 follower  0 unfollowers. via good old http://t.co/eyghepvpom,0
cameron's old tweets give me life,0
everyone always tweets bring me this  like i wish people tweeted stuff like hey does anyone want me to bring them some doritos,0
new day  new tweets  new stats. 2 new unfollowers. via good old http://t.co/05rj3xb7gf,0
rt @whoaaa_alex: @brandonsidney aww really? well that last time you told me to look at the good things in life really stuck with me and tha‚ä¶,0
#tuq hai ya khizer malik?,0
áé≠âà∞âèø‰ª•‰∫îáßíâ∞±ëí∏âèë damnhot ! hotter than a hot chick,0
rt @arianachanels: but tyler can't really hate on taylor when http://t.co/qztg66mzhn,0
rt @patrussell96: hash browns are an abomination on a full english!,0
rt @googlefacts: having negative friends is linked to depression  lowered self esteem  insomnia and anxiety. positive friends promote good ‚ä¶,0
rt @thelifediaries: bored? follow @sharecarenow for highly recommended tweets that will keep you healthy for hours! follow and be fit!,0
2 tweets retwitteados y un total de 3 rts [√∫ltimas 24h] #tuitutil http://t.co/lttsztv1yc,0
[j-hope facts]  likes to use ‚äú@-@/‚äù in his tweets a lot.,0
@lexi_ashley fuck off no just looking at it and reading the tweets repels me from it lol bit i'm curious,0
io 0un rpisu a mb s8veo ko 0un iz 0ssolomi0: vous suivez d sormais  mayahgirl7. ses tweets vous seront envoy s.,0
rt @jampmbot: áîü„åç„åü„åñ„å®ë®ä„åà„çßôºåôºå„ääby„éø„é≥„éî„éº„çπ„ää„é´„éï„ç£,0
absolutely loved reading all @beatbloodcancer's tweets about this year's london to paris. looked so much fun! congrats to all that took part,0
its actually sad that i have 15k tweets and 3k followers and half of those saved accounts oops,0
‚äú@lilyyy_f: s/o to all of you that fav my teen wolf tweets  ily all‚äù ilym,0
i hate this heat,0
79 tweets publicados (7 menciones) [√∫ltimas 24h] #tuitutil http://t.co/2ybisrzigm,0
#napoli join #arsenal in race for #mariobalotelli - http://t.co/zoxffqlfdg http://t.co/9elt0v3okj,0
no fear! #nederland #chili #wk14 #worldcup #wk2014 #brasil #brazil #football #soccer #voetbal #nedchi http://t.co/p8uh6czyr5,0
1 tweets retwitteados y un total de 1 rts [√∫ltimas 24h] #tuitutil http://t.co/wusqmgidpq,0
74: i've known you for a while but i've never actually talked to you before  lol. you're a cool &amp; chill person tho üòäüëå,0
@ra_bies guy acting as girl steeling tweets :d,0
rt @sibsmacd: me  trying to read zulu/xhosa tweets; http://t.co/xfc1wrucb7,0
new day  new tweets  new stats. 1 new unfollower. via good old http://t.co/4f542faomy,0
mon jun 23 08:23:27 +0000 2014,0
@crossword_book #graphicnovels @rhindia read the rules   will be following all of them!! so excited!,0
next girl that tweets is cuter than cute üòç,0
